sourcePath,status
C:/Proyectos/rce-partidas-back/source/sp-business/src/main/java/ar/gob/gcaba/clients/abs/HealthCheckClient.java,PENDING
C:/Proyectos/rce-partidas-back/source/sp-business/src/main/java/ar/gob/gcaba/clients/HealthCheckClientImpl.java,PENDING
C:/Proyectos/rce-partidas-back/source/sp-business/src/main/java/ar/gob/gcaba/config/AsyncConfig.java,PENDING
C:/Proyectos/rce-partidas-back/source/sp-business/src/main/java/ar/gob/gcaba/config/RestTemplateConfig.java,PENDING
C:/Proyectos/rce-partidas-back/source/sp-business/src/main/java/ar/gob/gcaba/events/listener/NotificacionEventListener.java,PENDING
C:/Proyectos/rce-partidas-back/source/sp-business/src/main/java/ar/gob/gcaba/events/NotificacionEvent.java,PENDING
C:/Proyectos/rce-partidas-back/source/sp-business/src/main/java/ar/gob/gcaba/exceptions/AutenticacionException.java,PENDING
C:/Proyectos/rce-partidas-back/source/sp-business/src/main/java/ar/gob/gcaba/exceptions/ConexionException.java,PENDING
C:/Proyectos/rce-partidas-back/source/sp-business/src/main/java/ar/gob/gcaba/exceptions/DefaultExceptionHandler.java,PENDING
C:/Proyectos/rce-partidas-back/source/sp-business/src/main/java/ar/gob/gcaba/exceptions/NegocioException.java,PENDING
C:/Proyectos/rce-partidas-back/source/sp-business/src/main/java/ar/gob/gcaba/exceptions/NoEncontradoException.java,PENDING
C:/Proyectos/rce-partidas-back/source/sp-business/src/main/java/ar/gob/gcaba/exceptions/ParseException.java,PENDING
C:/Proyectos/rce-partidas-back/source/sp-business/src/main/java/ar/gob/gcaba/exceptions/ValidacionesManualesException.java,PENDING
C:/Proyectos/rce-partidas-back/source/sp-business/src/main/java/ar/gob/gcaba/mappers/DocumentoMapper.java,PENDING
C:/Proyectos/rce-partidas-back/source/sp-business/src/main/java/ar/gob/gcaba/mappers/HistorialSolicitudMapper.java,PENDING
C:/Proyectos/rce-partidas-back/source/sp-business/src/main/java/ar/gob/gcaba/mappers/ObservacionMapper.java,PENDING
C:/Proyectos/rce-partidas-back/source/sp-business/src/main/java/ar/gob/gcaba/mappers/OrigenMapper.java,PENDING
C:/Proyectos/rce-partidas-back/source/sp-business/src/main/java/ar/gob/gcaba/mappers/PartidaMapper.java,PENDING
C:/Proyectos/rce-partidas-back/source/sp-business/src/main/java/ar/gob/gcaba/mappers/PersonaMapper.java,PENDING
C:/Proyectos/rce-partidas-back/source/sp-business/src/main/java/ar/gob/gcaba/mappers/PropertyConfigurationMapper.java,PENDING
C:/Proyectos/rce-partidas-back/source/sp-business/src/main/java/ar/gob/gcaba/mappers/RolMapper.java,PENDING
C:/Proyectos/rce-partidas-back/source/sp-business/src/main/java/ar/gob/gcaba/mappers/SolicitudMapper.java,PENDING
C:/Proyectos/rce-partidas-back/source/sp-business/src/main/java/ar/gob/gcaba/mappers/TitularMapper.java,PENDING
C:/Proyectos/rce-partidas-back/source/sp-business/src/main/java/ar/gob/gcaba/mappers/TopograficoMapper.java,PENDING
C:/Proyectos/rce-partidas-back/source/sp-business/src/main/java/ar/gob/gcaba/scheduled/BusquedaAutomaticaScheduled.java,PENDING
C:/Proyectos/rce-partidas-back/source/sp-business/src/main/java/ar/gob/gcaba/scheduled/impl/BusquedaAutomaticaScheduledImpl.java,PENDING
C:/Proyectos/rce-partidas-back/source/sp-business/src/main/java/ar/gob/gcaba/scheduled/impl/ReintentosNotificacionTadSheduledImpl.java,PENDING
C:/Proyectos/rce-partidas-back/source/sp-business/src/main/java/ar/gob/gcaba/scheduled/ReintentosNotificacionTadSheduled.java,PENDING
C:/Proyectos/rce-partidas-back/source/sp-business/src/main/java/ar/gob/gcaba/service/AuthService.java,PENDING
C:/Proyectos/rce-partidas-back/source/sp-business/src/main/java/ar/gob/gcaba/service/CircunscripcionService.java,PENDING
C:/Proyectos/rce-partidas-back/source/sp-business/src/main/java/ar/gob/gcaba/service/DigitalizacionService.java,PENDING
C:/Proyectos/rce-partidas-back/source/sp-business/src/main/java/ar/gob/gcaba/service/DocumentoService.java,PENDING
C:/Proyectos/rce-partidas-back/source/sp-business/src/main/java/ar/gob/gcaba/service/EstadisticasService.java,PENDING
C:/Proyectos/rce-partidas-back/source/sp-business/src/main/java/ar/gob/gcaba/service/FlujoService.java,PENDING
C:/Proyectos/rce-partidas-back/source/sp-business/src/main/java/ar/gob/gcaba/service/GedoService.java,PENDING
C:/Proyectos/rce-partidas-back/source/sp-business/src/main/java/ar/gob/gcaba/service/GeneroService.java,PENDING
C:/Proyectos/rce-partidas-back/source/sp-business/src/main/java/ar/gob/gcaba/service/HealthcheckService.java,PENDING
C:/Proyectos/rce-partidas-back/source/sp-business/src/main/java/ar/gob/gcaba/service/HistorialSolicitudService.java,PENDING
C:/Proyectos/rce-partidas-back/source/sp-business/src/main/java/ar/gob/gcaba/service/impl/AuthServiceImpl.java,PREEXISTING
C:/Proyectos/rce-partidas-back/source/sp-business/src/main/java/ar/gob/gcaba/service/impl/CircunscripcionServiceImpl.java,PREEXISTING
C:/Proyectos/rce-partidas-back/source/sp-business/src/main/java/ar/gob/gcaba/service/impl/DigitalizacionServiceImpl.java,PREEXISTING
C:/Proyectos/rce-partidas-back/source/sp-business/src/main/java/ar/gob/gcaba/service/impl/DigitizeService.java,PREEXISTING
C:/Proyectos/rce-partidas-back/source/sp-business/src/main/java/ar/gob/gcaba/service/impl/DocumentoServiceImpl.java,PENDING
C:/Proyectos/rce-partidas-back/source/sp-business/src/main/java/ar/gob/gcaba/service/impl/EstadisticasServiceImpl.java,PENDING
C:/Proyectos/rce-partidas-back/source/sp-business/src/main/java/ar/gob/gcaba/service/impl/FlujoServiceImpl.java,PREEXISTING
C:/Proyectos/rce-partidas-back/source/sp-business/src/main/java/ar/gob/gcaba/service/impl/GedoServiceImpl.java,PREEXISTING
C:/Proyectos/rce-partidas-back/source/sp-business/src/main/java/ar/gob/gcaba/service/impl/GeneroServiceImpl.java,PREEXISTING
C:/Proyectos/rce-partidas-back/source/sp-business/src/main/java/ar/gob/gcaba/service/impl/HealthcheckServiceImpl.java,PREEXISTING
C:/Proyectos/rce-partidas-back/source/sp-business/src/main/java/ar/gob/gcaba/service/impl/HistorialSolicitudServiceImpl.java,PREEXISTING
C:/Proyectos/rce-partidas-back/source/sp-business/src/main/java/ar/gob/gcaba/service/impl/MateriaServiceImpl.java,PREEXISTING
C:/Proyectos/rce-partidas-back/source/sp-business/src/main/java/ar/gob/gcaba/service/impl/MessageSpServiceImpl.java,PREEXISTING
C:/Proyectos/rce-partidas-back/source/sp-business/src/main/java/ar/gob/gcaba/service/impl/NotificacionAsincronaServiceImpl.java,PREEXISTING
C:/Proyectos/rce-partidas-back/source/sp-business/src/main/java/ar/gob/gcaba/service/impl/NotificarTopicServiceImpl.java,PREEXISTING
C:/Proyectos/rce-partidas-back/source/sp-business/src/main/java/ar/gob/gcaba/service/impl/NotifyAndCloseService.java,PREEXISTING
C:/Proyectos/rce-partidas-back/source/sp-business/src/main/java/ar/gob/gcaba/service/impl/ObservacionServiceImpl.java,PREEXISTING
C:/Proyectos/rce-partidas-back/source/sp-business/src/main/java/ar/gob/gcaba/service/impl/ObtenerDatosRceServiceImpl.java,PREEXISTING
C:/Proyectos/rce-partidas-back/source/sp-business/src/main/java/ar/gob/gcaba/service/impl/OrigenServiceImpl.java,PREEXISTING
C:/Proyectos/rce-partidas-back/source/sp-business/src/main/java/ar/gob/gcaba/service/impl/PartidaServiceImpl.java,PREEXISTING
C:/Proyectos/rce-partidas-back/source/sp-business/src/main/java/ar/gob/gcaba/service/impl/PersonaServiceImpl.java,PREEXISTING
C:/Proyectos/rce-partidas-back/source/sp-business/src/main/java/ar/gob/gcaba/service/impl/PropertyConfigurationServiceImpl.java,PREEXISTING
C:/Proyectos/rce-partidas-back/source/sp-business/src/main/java/ar/gob/gcaba/service/impl/RepositorioDocumentoServiceImpl.java,PREEXISTING
C:/Proyectos/rce-partidas-back/source/sp-business/src/main/java/ar/gob/gcaba/service/impl/RestHelperServiceImpl.java,PREEXISTING
C:/Proyectos/rce-partidas-back/source/sp-business/src/main/java/ar/gob/gcaba/service/impl/RolServiceImpl.java,PREEXISTING
C:/Proyectos/rce-partidas-back/source/sp-business/src/main/java/ar/gob/gcaba/service/impl/SolicitudServiceImpl.java,PREEXISTING
C:/Proyectos/rce-partidas-back/source/sp-business/src/main/java/ar/gob/gcaba/service/impl/StdServiceImpl.java,PREEXISTING
C:/Proyectos/rce-partidas-back/source/sp-business/src/main/java/ar/gob/gcaba/service/impl/TadServiceImpl.java,PREEXISTING
C:/Proyectos/rce-partidas-back/source/sp-business/src/main/java/ar/gob/gcaba/service/impl/TipoDocumentoServiceImpl.java,PENDING
C:/Proyectos/rce-partidas-back/source/sp-business/src/main/java/ar/gob/gcaba/service/impl/TipoDocumentoWebServiceImpl.java,DONE
C:/Proyectos/rce-partidas-back/source/sp-business/src/main/java/ar/gob/gcaba/service/impl/TitularServiceImpl.java,DONE
C:/Proyectos/rce-partidas-back/source/sp-business/src/main/java/ar/gob/gcaba/service/impl/TopograficoServiceImpl.java,DONE
C:/Proyectos/rce-partidas-back/source/sp-business/src/main/java/ar/gob/gcaba/service/impl/UsuarioServiceImpl.java,PENDING
C:/Proyectos/rce-partidas-back/source/sp-business/src/main/java/ar/gob/gcaba/service/MateriaService.java,PENDING
C:/Proyectos/rce-partidas-back/source/sp-business/src/main/java/ar/gob/gcaba/service/MessageSpService.java,PENDING
C:/Proyectos/rce-partidas-back/source/sp-business/src/main/java/ar/gob/gcaba/service/NotificacionAsincronaService.java,PENDING
C:/Proyectos/rce-partidas-back/source/sp-business/src/main/java/ar/gob/gcaba/service/NotificarTopicService.java,PENDING
C:/Proyectos/rce-partidas-back/source/sp-business/src/main/java/ar/gob/gcaba/service/ObservacionService.java,PENDING
C:/Proyectos/rce-partidas-back/source/sp-business/src/main/java/ar/gob/gcaba/service/ObtenerDatosRceService.java,PENDING
C:/Proyectos/rce-partidas-back/source/sp-business/src/main/java/ar/gob/gcaba/service/OrigenService.java,PENDING
C:/Proyectos/rce-partidas-back/source/sp-business/src/main/java/ar/gob/gcaba/service/PartidaService.java,PENDING
C:/Proyectos/rce-partidas-back/source/sp-business/src/main/java/ar/gob/gcaba/service/PersonaService.java,PENDING
C:/Proyectos/rce-partidas-back/source/sp-business/src/main/java/ar/gob/gcaba/service/PropertyConfigurationService.java,PENDING
C:/Proyectos/rce-partidas-back/source/sp-business/src/main/java/ar/gob/gcaba/service/RepositorioDocumentoService.java,PENDING
C:/Proyectos/rce-partidas-back/source/sp-business/src/main/java/ar/gob/gcaba/service/RestHelperService.java,PENDING
C:/Proyectos/rce-partidas-back/source/sp-business/src/main/java/ar/gob/gcaba/service/RolService.java,PENDING
C:/Proyectos/rce-partidas-back/source/sp-business/src/main/java/ar/gob/gcaba/service/SolicitudService.java,PENDING
C:/Proyectos/rce-partidas-back/source/sp-business/src/main/java/ar/gob/gcaba/service/StdService.java,PENDING
C:/Proyectos/rce-partidas-back/source/sp-business/src/main/java/ar/gob/gcaba/service/TadService.java,PENDING
C:/Proyectos/rce-partidas-back/source/sp-business/src/main/java/ar/gob/gcaba/service/TipoDocumentoService.java,PENDING
C:/Proyectos/rce-partidas-back/source/sp-business/src/main/java/ar/gob/gcaba/service/TipoDocumentoWebService.java,PENDING
C:/Proyectos/rce-partidas-back/source/sp-business/src/main/java/ar/gob/gcaba/service/TitularService.java,PENDING
C:/Proyectos/rce-partidas-back/source/sp-business/src/main/java/ar/gob/gcaba/service/TopograficoService.java,PENDING
C:/Proyectos/rce-partidas-back/source/sp-business/src/main/java/ar/gob/gcaba/service/UsuarioService.java,PENDING
C:/Proyectos/rce-partidas-back/source/sp-business/src/test/java/ar/gob/gcaba/service/impl/AuthServiceImplTest.java,PENDING
C:/Proyectos/rce-partidas-back/source/sp-business/src/test/java/ar/gob/gcaba/service/impl/CircunscripcionServiceImplTest.java,PENDING
C:/Proyectos/rce-partidas-back/source/sp-business/src/test/java/ar/gob/gcaba/service/impl/DigitalizacionServiceImplTest.java,PENDING
C:/Proyectos/rce-partidas-back/source/sp-business/src/test/java/ar/gob/gcaba/service/impl/DigitizeServiceTest.java,PENDING
C:/Proyectos/rce-partidas-back/source/sp-business/src/test/java/ar/gob/gcaba/service/impl/EstadisticasServiceImplTest.java,PENDING
C:/Proyectos/rce-partidas-back/source/sp-business/src/test/java/ar/gob/gcaba/service/impl/FlujoServiceImplTest.java,PENDING
C:/Proyectos/rce-partidas-back/source/sp-business/src/test/java/ar/gob/gcaba/service/impl/GedoServiceImplTest.java,PENDING
C:/Proyectos/rce-partidas-back/source/sp-business/src/test/java/ar/gob/gcaba/service/impl/GeneroServiceImplTest.java,PENDING
C:/Proyectos/rce-partidas-back/source/sp-business/src/test/java/ar/gob/gcaba/service/impl/HealthcheckServiceImplTest.java,PENDING
C:/Proyectos/rce-partidas-back/source/sp-business/src/test/java/ar/gob/gcaba/service/impl/HistorialSolicitudServiceImplTest.java,PENDING
C:/Proyectos/rce-partidas-back/source/sp-business/src/test/java/ar/gob/gcaba/service/impl/MateriaServiceImplTest.java,PENDING
C:/Proyectos/rce-partidas-back/source/sp-business/src/test/java/ar/gob/gcaba/service/impl/MessageSpServiceImplTest.java,PENDING
C:/Proyectos/rce-partidas-back/source/sp-business/src/test/java/ar/gob/gcaba/service/impl/NotificacionAsincronaServiceImplTest.java,PENDING
C:/Proyectos/rce-partidas-back/source/sp-business/src/test/java/ar/gob/gcaba/service/impl/NotificarTopicServiceImplTest.java,PENDING
C:/Proyectos/rce-partidas-back/source/sp-business/src/test/java/ar/gob/gcaba/service/impl/NotifyAndCloseServiceTest.java,PENDING
C:/Proyectos/rce-partidas-back/source/sp-business/src/test/java/ar/gob/gcaba/service/impl/ObservacionServiceImplTest.java,PENDING
C:/Proyectos/rce-partidas-back/source/sp-business/src/test/java/ar/gob/gcaba/service/impl/ObtenerDatosRceServiceImplTest.java,PENDING
C:/Proyectos/rce-partidas-back/source/sp-business/src/test/java/ar/gob/gcaba/service/impl/OrigenServiceImplTest.java,PENDING
C:/Proyectos/rce-partidas-back/source/sp-business/src/test/java/ar/gob/gcaba/service/impl/PartidaServiceImplTest.java,PENDING
C:/Proyectos/rce-partidas-back/source/sp-business/src/test/java/ar/gob/gcaba/service/impl/PersonaServiceImplTest.java,PENDING
C:/Proyectos/rce-partidas-back/source/sp-business/src/test/java/ar/gob/gcaba/service/impl/PropertyConfigurationServiceImplTest.java,PENDING
C:/Proyectos/rce-partidas-back/source/sp-business/src/test/java/ar/gob/gcaba/service/impl/RepositorioDocumentoServiceImplTest.java,PENDING
C:/Proyectos/rce-partidas-back/source/sp-business/src/test/java/ar/gob/gcaba/service/impl/RestHelperServiceImplTest.java,PENDING
C:/Proyectos/rce-partidas-back/source/sp-business/src/test/java/ar/gob/gcaba/service/impl/RolServiceImplTest.java,PENDING
C:/Proyectos/rce-partidas-back/source/sp-business/src/test/java/ar/gob/gcaba/service/impl/SolicitudServiceImplTest.java,PENDING
C:/Proyectos/rce-partidas-back/source/sp-business/src/test/java/ar/gob/gcaba/service/impl/StdServiceImplTest.java,PENDING
C:/Proyectos/rce-partidas-back/source/sp-business/src/test/java/ar/gob/gcaba/service/impl/TadServiceImplTest.java,PENDING
C:/Proyectos/rce-partidas-back/source/sp-business/src/test/java/ar/gob/gcaba/service/impl/TipoDocumentoServiceImplTest.java,PENDING
